"","k.rate","AICc","MeanRate","LogL","AICw"
"Standard_Strict_ARD_NoDual_HiddenRatCat2_Model",42,802.54,10.71,-426.840327626312,0
"Standard_Strict_ARD_NoDual_NoHidden_Model",20,783.06,0.01,-406.870399533876,1
"Standard_Strict_ER_NoDual_HiddenRatCat2_Model",4,821.83,40.05,-355.129475916009,0
"Standard_Strict_ER_NoDual_NoHidden_Model",1,855.69,0.01,-370.612358525308,0
"Standard_Strict_SYM_NoDual_HiddenRatCat2_Model",22,796.49,8.01,-375.134770569797,0
"Standard_Strict_SYM_NoDual_NoHidden_Model",10,803.33,0.01,-391.428288081957,0
