subfamily,tribe,subtribe,genus.count,genus,spp,spp.w.data,species,achlorophyllous,terr,rupic,epi,vine,SI,SC,Chasmogamous,Mixed.mating,autonomous.selfing.agagamospermy,evidence.for.selfing,nectar,evidence.for.reward,pollen,trichomes.pseudo.pollen,fragr,lipids,sleep.sites,polyphenols.resins,brood.site.dec,food.dec,sex.dec,Pltr.data,pollinators,orders,families,genera,species.num.pol..ePS.,order.x.fam..fPS.,HYMEN,bees,wasps,LEPID,settling.moths,sphingid.moths,moths,butterf,DIPT,COLEO,AVES,Misc.pltrs,locality,TDWG.Level.1,temp,subtr,trop,references,notes,notes.1,notes.2,X,X.1,X.2,genus_species,match_type,multiple_matches,match_similarity,match_edit_distance,wcvp_id,wcvp_name,wcvp_authors,wcvp_rank,wcvp_status,wcvp_homotypic,wcvp_ipni_id,wcvp_accepted_id,keep,resolved_match_type
Orchidoideae,Cranichideae,Spiranthinae,1,Hapalorchis ,10,1,lineatus,NA,1,NA,NA,NA,NA,1,NA,NA,1,2,,NA,NA,NA,NA,NA,NA,NA,NA,,NA,NA,,NA,NA,NA,NA,NA,NA,NA,NA,NA,NA,NA,NA,NA,NA,NA,NA,NA,Brazil,8,NA,NA,1,Garay in Catling 1990,,,,,,,Hapalorchis  lineatus,Fuzzy (edit distance),FALSE,0.9,2,96219,Hapalorchis_lineata,(Lindl.) Schltr.,Species,Accepted,NA,638416-1,96219,1,
Orchidoideae,,,NA,Pelexia,NA,NA,pteryganthum,NA,1,NA,NA,NA,NA,1,1,NA,,1,1,1,NA,NA,NA,NA,NA,NA,NA,,NA,1,HYEMNOPTERA: Centris sp. (Apidae),1,1,1,NA,1,1,1,NA,NA,NA,NA,NA,NA,NA,NA,NA,NA,S Am Bra,8,NA,1,NA,Buzatto et al. 2022,,,,,,,Pelexia pteryganthum,Fuzzy (edit distance),FALSE,0.9,2,149671,Pelexia_pterygantha,(Rchb.f. & Warm.) Schltr.,Species,Accepted,NA,186763-2,149671,1,
Orchidoideae,,,NA,Diuris,NA,NA,sulfurea,NA,1,NA,NA,NA,NA,NA,NA,NA,,,,NA,NA,NA,NA,NA,NA,NA,NA,,NA,1,HYMENOPTERA:  Paracolletes sp. (Colletidae),1,1,1,1,1,1,1,NA,NA,NA,NA,NA,NA,NA,NA,NA,NA,Austra,5,1,NA,NA,Rayment 1932,,,,,,,Diuris sulfurea,Fuzzy (phonetic),FALSE,0.875,2,63463,Diuris_sulphurea,R.Br.,Species,Accepted,NA,630480-1,63463,1,
Orchidoideae,,,NA,Chiloglottis,NA,NA,sphrynoides,NA,1,NA,NA,NA,NA,NA,1,NA,,,,NA,NA,NA,NA,NA,NA,NA,NA,,1,1,HYMENOPTERA:  Neozeleboria sp. 3 (Thynnidae wasp),1,1,1,1,1,1,NA,1,NA,NA,NA,NA,NA,NA,NA,NA,NA,Austra,5,NA,1,NA,Mant et al. 2002,,,,,,,Chiloglottis sphrynoides,Fuzzy (phonetic),FALSE,0.917,2,38984,Chiloglottis_sphyrnoides,D.L.Jones,Species,Accepted,NA,959717-1,38984,1,
Orchidoideae,,,NA,Ophrys,NA,NA,fusca II,NA,1,NA,NA,NA,NA,NA,1,NA,,,,NA,NA,NA,NA,NA,NA,NA,NA,,1,1,"HYMENOPTERA:  Andrena thoracica, A. florentina (Andrenidae)",1,1,1,2,1,1,1,NA,NA,NA,NA,NA,NA,NA,NA,NA,NA,Eur,1,1,NA,NA,Paulus & Gack 1990,,,,,,,Ophrys fusca II,Fuzzy (phonetic),TRUE,0.8,3,141148,Ophrys_fusca,Link,Species,Accepted,NA,647906-1,141148,1,
Orchidoideae,,,NA,Ophrys,NA,NA,fusca II,NA,1,NA,NA,NA,NA,NA,1,NA,,,,NA,NA,NA,NA,NA,NA,NA,NA,,1,1,"HYMENOPTERA:  Andrena thoracica, A. florentina (Andrenidae)",1,1,1,2,1,1,1,NA,NA,NA,NA,NA,NA,NA,NA,NA,NA,Eur,1,1,NA,NA,Paulus & Gack 1990,,,,,,,Ophrys fusca II,Fuzzy (phonetic),TRUE,0.8,3,141149,Ophrys_fusca,Rchb.f.,Species,Illegitimate,NA,647907-1,141835,1,
Orchidoideae,,,NA,Ophrys,NA,NA,fusca III,NA,1,NA,NA,NA,NA,NA,1,NA,,,,NA,NA,NA,NA,NA,NA,NA,NA,,1,1,HYMENOPTERA:  Andrena sabulosa (Andrenidae),1,1,1,1,1,1,1,NA,NA,NA,NA,NA,NA,NA,NA,NA,NA,Eur,1,1,NA,NA,Paulus & Gack 1990,,,,,,,Ophrys fusca III,Fuzzy (phonetic),TRUE,0.75,4,141148,Ophrys_fusca,Link,Species,Accepted,NA,647906-1,141148,1,
Orchidoideae,,,NA,Ophrys,NA,NA,fusca III,NA,1,NA,NA,NA,NA,NA,1,NA,,,,NA,NA,NA,NA,NA,NA,NA,NA,,1,1,HYMENOPTERA:  Andrena sabulosa (Andrenidae),1,1,1,1,1,1,1,NA,NA,NA,NA,NA,NA,NA,NA,NA,NA,Eur,1,1,NA,NA,Paulus & Gack 1990,,,,,,,Ophrys fusca III,Fuzzy (phonetic),TRUE,0.75,4,141149,Ophrys_fusca,Rchb.f.,Species,Illegitimate,NA,647907-1,141835,1,
Orchidoideae,,,NA,Spiranthes,NA,NA,ochraleuca,NA,1,NA,NA,NA,NA,1,1,1,1,1,1,2,NA,NA,NA,NA,NA,NA,NA,,NA,1,"HYMENOPTERA:  Bombus impatiens, B. pennsylvanica, B. vagans, B. sp. (Apidae)",1,1,1,4,1,1,1,NA,NA,NA,NA,NA,NA,NA,NA,NA,NA,N Am,7,1,NA,NA,"Sheviak 1982, Ames 1921 cited by Catling 1983, Catling 1982",,,,,,,Spiranthes ochraleuca,Fuzzy (phonetic),FALSE,0.952,1,194428,Spiranthes_ochroleuca,(Rydb.) Rydb.,Species,Accepted,NA,242761-2,194428,1,
Orchidoideae,,,NA,Caladenia,NA,NA,ferruguinea,NA,1,NA,NA,NA,NA,NA,1,NA,,,,NA,NA,NA,NA,NA,NA,NA,NA,,1,1,HYMENOPTERA:  New genus 3 sp. B (Thynnidae wasps),1,1,1,1,1,1,NA,1,NA,NA,NA,NA,NA,NA,NA,NA,NA,Austra,5,NA,1,NA,Phillips et al. 2009,,,,,,,Caladenia ferruguinea,Fuzzy (edit distance),FALSE,0.952,1,28556,Caladenia_ferruginea,Nicholls,Species,Accepted,NA,620658-1,28556,1,
Orchidoideae,,,NA,Disperis,NA,NA,fannineae,NA,1,NA,NA,NA,NA,NA,1,NA,,,,1,NA,NA,NA,1,NA,NA,NA,,NA,1,HYMENOPTERA: Rediviva colorata (Melittidae),1,1,1,1,1,1,1,NA,NA,NA,NA,NA,NA,NA,NA,NA,NA,S Af,2,NA,1,NA,Steiner et al. 2011,,,,,,,Disperis fannineae,Fuzzy (phonetic),FALSE,0.944,1,63151,Disperis_fanniniae,Harv.,Species,Accepted,NA,630338-1,63151,1,
Orchidoideae,,,NA,Disperis,NA,NA,macowani,NA,1,NA,NA,NA,NA,1,NA,NA,1,,,1,NA,NA,NA,NA,NA,NA,NA,1,NA,NA,,NA,NA,NA,NA,NA,NA,NA,NA,NA,NA,NA,NA,NA,NA,NA,NA,NA,S Afr,2,NA,1,NA,Steiner 1989,,,,,,,Disperis macowani,Fuzzy (phonetic),FALSE,0.944,1,63175,Disperis_macowanii,Bolus,Species,Accepted,NA,630361-1,63175,1,
Orchidoideae,,,NA,Habenaria,NA,NA,obstusa,NA,1,NA,NA,NA,NA,NA,NA,NA,,,1,1,NA,NA,NA,NA,NA,NA,NA,,NA,NA,,NA,NA,NA,NA,NA,NA,NA,NA,NA,NA,NA,NA,NA,NA,NA,NA,NA,S Am,8,NA,NA,1,Gottsberger et al. 1984,,reported as H. ornithoides,,,,,Habenaria obstusa,Fuzzy (edit distance),FALSE,0.941,1,95236,Habenaria_obtusa,Lindl.,Species,Accepted,NA,637796-1,95236,1,
Orchidoideae,,,NA,Satyrium,NA,NA,situsanguineum,NA,1,NA,NA,NA,NA,NA,1,NA,,,1,1,NA,NA,NA,NA,NA,NA,NA,,NA,1,LEPIDOPTERA:  Cornutiplusia circumflexa (Noctuidae),1,1,1,1,1,NA,NA,NA,1,1,NA,1,NA,NA,NA,NA,NA,S Afr,2,NA,1,NA,van der Niet et al 2015b,,,,,,,Satyrium situsanguineum,Fuzzy (phonetic),FALSE,0.957,1,459415,Satyrium_situsanguinum,van der Niet & Liltved,Species,Accepted,NA,77095345-1,459415,1,
Orchidoideae,,,NA,Disa,NA,NA,harveiana,NA,1,NA,NA,NA,NA,NA,1,NA,,,,1,NA,NA,NA,NA,NA,NA,NA,1,NA,1,DIPTERA: Philoliche rostrata (Tabanidae),1,1,1,1,1,NA,NA,NA,NA,NA,NA,NA,NA,1,NA,NA,NA,S Afr,2,NA,1,NA,Johnson et al. 2013; Johnson et al. 1998; Goldbatt & Manning 2000,,,,,,,Disa harveiana,Fuzzy (edit distance),FALSE,0.929,1,62823,Disa_harveyana,Lindl.,Species,Accepted,NA,630134-1,62823,1,
Orchidoideae,,,NA,Disa,NA,NA,stachyodes,NA,1,NA,NA,NA,NA,NA,NA,NA,,,,1,NA,NA,NA,NA,NA,NA,NA,1,NA,NA,,NA,NA,NA,NA,NA,NA,NA,NA,NA,NA,NA,NA,NA,NA,NA,NA,NA,S Afr,2,NA,1,NA,Johnson et al. 2013; Hobbhan 2012,,,,,,,Disa stachyodes,Fuzzy (phonetic),FALSE,0.938,1,62976,Disa_stachyoides,Rchb.f.,Species,Accepted,NA,630257-1,62976,1,
